M,FL,W,D,
0,NaN,8000,NaN,
0.01,NaN,8000,NaN,
0.02,NaN,8000,NaN,
0.03,NaN,8000,NaN,
0.04,NaN,8000,NaN,
0.05,NaN,8000,NaN,
0.06,NaN,8000,NaN,
0.07,NaN,8000,NaN,
0.08,NaN,8000,NaN,
0.09,NaN,8000,NaN,
0.1,NaN,8000,NaN,
0.11,NaN,8000,NaN,
0.12,NaN,8000,NaN,
0.13,NaN,8000,NaN,
0.14,NaN,8000,NaN,
0.15,NaN,8000,NaN,
0.16,NaN,8000,NaN,
0.17,NaN,8000,NaN,
0.18,0,8000,NaN,
0.19,0,8000,NaN,
0.2,0,8000,NaN,
0.21,0,8000,6.465045296,
0.22,0,8000,5.648796629,
0.23,0,8000,5.015369871,
0.24,0,8000,4.534072292,
0.25,0,8000,4.162645788,
0.26,0,8000,3.866394228,
0.27,0,8000,3.626190261,
0.28,0,8000,3.431358154,
0.29,0,8000,3.274780753,
0.3,0,8000,3.151565014,
0.31,0,8000,3.059486827,
0.32,0,8000,2.994542791,
0.33,0,8000,2.95317433,
0.34,0,8000,2.931822867,
0.35,0,8000,2.928264289,
0.36,0,8000,2.939829666,
0.37,0,8000,2.964739707,
0.38,0,8000,3.001659946,
0.39,0,8000,3.049700739,
0.4,0,8000,3.107972443,
0.41,0,8000,3.175585411,
0.42,0,8000,3.252094823,
0.43,0,8000,3.3379455,
0.44,0,8000,3.434027087,
0.45,0,8000,3.540339584,
0.46,0,8000,3.657327812,
0.47,0,8000,3.784102128,
0.48,0,8000,3.920662532,
0.49,0,8000,4.066119379,
0.5,0,8000,4.220027846,
0.51,0,8000,4.381498291,
0.52,0,8000,4.549196246,
0.53,0,8000,4.722676889,
0.54,0,8000,4.901050576,
0.55,0,8000,5.083427662,
0.56,0,8000,5.27025297,
0.57,0,8000,5.460636855,
0.58,0,8000,5.654579317,
0.59,0,8000,5.851635535,
0.6,0,8000,6.051360685,
0.61,0,8000,6.254644413,
0.62,0,8000,6.461486718,
0.63,0,8000,6.672777245,
0.64,0,8000,6.888960816,
0.65,0,8000,7.110482252,
0.66,0,8000,7.337786377,
0.67,0,8000,7.569983545,
0.68,0,8000,7.806628935,
0.69,0,8000,8.047277724,
0.7,0,8000,8.291040269,
0.71,0,8000,8.53613728,
0.72,0,8000,8.782568757,
0.73,0,8000,9.029000235,
0.74,0,8000,9.27498689,
0.75,0,8000,9.519639079,
0.76,0,8000,9.762956801,
0.77,0,8000,10.00316077,
0.78,0,8000,10.2406958,
0.79,0,8000,10.4755619,
0.8,0,8000,10.70909354,
0.81,0,8000,10.94262517,
0.82,0,8000,11.1779361,
0.83,0,8000,11.41769524,
0.84,0,8000,11.66590601,
0.85,0,8000,11.92924073,
0.86,0,8000,12.22148889,
0.87,0,8000,12.568895,
0.88,0,8000,13.01905502,
0.89,0,8000,13.62445799,
0.9,0,8000,14.39266586,
0.91,0,8000,15.34769904,
0.92,0,8000,16.65325208,
0.93,0,8000,18.19456087,
0.94,0,8000,19.73409037,
0.95,0,8000,21.32788818,
0.96,0,8000,22.74687087,
0.97,0,8000,24.12270582,
0.98,0,8000,25.55369871,
0.99,0,8000,27.21510949,
1,0,8000,NaN,
1.01,0,8000,NaN,
1.02,0,8000,NaN,
1.03,0,8000,NaN,
1.04,NaN,8000,NaN,
1.05,NaN,8000,NaN,
1.06,NaN,8000,NaN,
1.07,NaN,8000,NaN,
1.08,NaN,8000,NaN,
1.09,NaN,8000,NaN,
1.1,NaN,8000,NaN,
1.11,NaN,8000,NaN,
1.12,NaN,8000,NaN,
1.13,NaN,8000,NaN,
1.14,NaN,8000,NaN,
1.15,NaN,8000,NaN,
1.16,NaN,8000,NaN,
1.17,NaN,8000,NaN,
1.18,NaN,8000,NaN,
1.19,NaN,8000,NaN,
1.2,NaN,8000,NaN,
1.21,NaN,8000,NaN,
1.22,NaN,8000,NaN,
1.23,NaN,8000,NaN,
1.24,NaN,8000,NaN,
1.25,NaN,8000,NaN,
0,NaN,8000,NaN,
0.01,NaN,8000,NaN,
0.02,NaN,8000,NaN,
0.03,NaN,8000,NaN,
0.04,NaN,8000,NaN,
0.05,NaN,8000,NaN,
0.06,NaN,8000,NaN,
0.07,NaN,8000,NaN,
0.08,NaN,8000,NaN,
0.09,NaN,8000,NaN,
0.1,NaN,8000,NaN,
0.11,NaN,8000,NaN,
0.12,NaN,8000,NaN,
0.13,NaN,8000,NaN,
0.14,NaN,8000,NaN,
0.15,NaN,8000,NaN,
0.16,NaN,8000,NaN,
0.17,NaN,8000,NaN,
0.18,NaN,8000,NaN,
0.19,NaN,8000,NaN,
0.2,100,8000,NaN,
0.21,100,8000,NaN,
0.22,100,8000,NaN,
0.23,100,8000,NaN,
0.24,100,8000,NaN,
0.25,100,8000,6.900971014,
0.26,100,8000,6.122532231,
0.27,100,8000,5.590969748,
0.28,100,8000,5.167943873,
0.29,100,8000,4.812086143,
0.3,100,8000,4.514500117,
0.31,100,8000,4.273851328,
0.32,100,8000,4.082577798,
0.33,100,8000,3.928669331,
0.34,100,8000,3.802339837,
0.35,100,8000,3.696472162,
0.36,100,8000,3.604838797,
0.37,100,8000,3.526105274,
0.38,100,8000,3.460271595,
0.39,100,8000,3.407782579,
0.4,100,8000,3.368193407,
0.41,100,8000,3.342393722,
0.42,100,8000,3.329049057,
0.43,100,8000,3.32771459,
0.44,100,8000,3.337500678,
0.45,100,8000,3.357072853,
0.46,100,8000,3.385541471,
0.47,100,8000,3.422461711,
0.48,100,8000,3.466054283,
0.49,100,8000,3.516319187,
0.5,100,8000,3.571921957,
0.51,100,8000,3.631972949,
0.52,100,8000,3.696472162,
0.53,100,8000,3.764529953,
0.54,100,8000,3.836591143,
0.55,100,8000,3.912210911,
0.56,100,8000,3.991389255,
0.57,100,8000,4.075460644,
0.58,100,8000,4.166204365,
0.59,100,8000,4.264510063,
0.6,100,8000,4.372601848,
0.61,100,8000,4.490479721,
0.62,100,8000,4.617698859,
0.63,100,8000,4.75381444,
0.64,100,8000,4.897491998,
0.65,100,8000,5.048286711,
0.66,100,8000,5.204864112,
0.67,100,8000,5.368113845,
0.68,100,8000,5.537591089,
0.69,100,8000,5.71285102,
0.7,100,8000,5.89389364,
0.71,100,8000,6.079829304,
0.72,100,8000,6.270658011,
0.73,100,8000,6.466379762,
0.74,100,8000,6.666994557,
0.75,100,8000,6.872947218,
0.76,100,8000,7.084682567,
0.77,100,8000,7.303979892,
0.78,100,8000,7.532618483,
0.79,100,8000,7.772822451,
0.8,100,8000,8.026815905,
0.81,100,8000,8.295933312,
0.82,100,8000,8.577505741,
0.83,100,8000,8.86752979,
0.84,100,8000,9.162002061,
0.85,100,8000,9.458253621,
0.86,100,8000,9.754950002,
0.87,100,8000,10.05520496,
0.88,100,8000,10.36079779,
0.89,100,8000,10.6761767,
0.9,100,8000,11.00801403,
0.91,100,8000,11.37721643,
0.92,100,8000,11.83137985,
0.93,100,8000,12.41676582,
0.94,100,8000,13.34155109,
0.95,100,8000,16.09855885,
0.96,100,8000,18.19278158,
0.97,100,8000,20.69579589,
0.98,100,8000,23.52753377,
0.99,100,8000,27.46198579,
1,100,8000,NaN,
1.01,100,8000,NaN,
1.02,100,8000,NaN,
1.03,NaN,8000,NaN,
1.04,NaN,8000,NaN,
1.05,NaN,8000,NaN,
1.06,NaN,8000,NaN,
1.07,NaN,8000,NaN,
1.08,NaN,8000,NaN,
1.09,NaN,8000,NaN,
1.1,NaN,8000,NaN,
1.11,NaN,8000,NaN,
1.12,NaN,8000,NaN,
1.13,NaN,8000,NaN,
1.14,NaN,8000,NaN,
1.15,NaN,8000,NaN,
1.16,NaN,8000,NaN,
1.17,NaN,8000,NaN,
1.18,NaN,8000,NaN,
1.19,NaN,8000,NaN,
1.2,NaN,8000,NaN,
1.21,NaN,8000,NaN,
1.22,NaN,8000,NaN,
1.23,NaN,8000,NaN,
1.24,NaN,8000,NaN,
1.25,NaN,8000,NaN,
0,NaN,8000,NaN,
0.01,NaN,8000,NaN,
0.02,NaN,8000,NaN,
0.03,NaN,8000,NaN,
0.04,NaN,8000,NaN,
0.05,NaN,8000,NaN,
0.06,NaN,8000,NaN,
0.07,NaN,8000,NaN,
0.08,NaN,8000,NaN,
0.09,NaN,8000,NaN,
0.1,NaN,8000,NaN,
0.11,NaN,8000,NaN,
0.12,NaN,8000,NaN,
0.13,NaN,8000,NaN,
0.14,NaN,8000,NaN,
0.15,NaN,8000,NaN,
0.16,NaN,8000,NaN,
0.17,NaN,8000,NaN,
0.18,NaN,8000,NaN,
0.19,NaN,8000,NaN,
0.2,NaN,8000,NaN,
0.21,NaN,8000,NaN,
0.22,NaN,8000,NaN,
0.23,NaN,8000,NaN,
0.24,NaN,8000,NaN,
0.25,NaN,8000,NaN,
0.26,NaN,8000,NaN,
0.27,200,8000,NaN,
0.28,200,8000,NaN,
0.29,200,8000,NaN,
0.3,200,8000,6.932553387,
0.31,200,8000,5.962841075,
0.32,200,8000,5.32585574,
0.33,200,8000,4.892598955,
0.34,200,8000,4.568768421,
0.35,200,8000,4.301430302,
0.36,200,8000,4.0705676,
0.37,200,8000,3.865059761,
0.38,200,8000,3.678679276,
0.39,200,8000,3.507867566,
0.4,200,8000,3.353069454,
0.41,200,8000,3.224960671,
0.42,200,8000,3.129323906,
0.43,200,8000,3.064379871,
0.44,200,8000,3.023901054,
0.45,200,8000,3.000770302,
0.46,200,8000,2.99009457,
0.47,200,8000,2.988315281,
0.48,200,8000,2.994097969,
0.49,200,8000,3.006108168,
0.5,200,8000,3.023901054,
0.51,200,8000,3.047921451,
0.52,200,8000,3.077279713,
0.53,200,8000,3.112420664,
0.54,200,8000,3.153789125,
0.55,200,8000,3.202719563,
0.56,200,8000,3.259211978,
0.57,200,8000,3.324156013,
0.58,200,8000,3.398441314,
0.59,200,8000,3.481178236,
0.6,200,8000,3.572366779,
0.61,200,8000,3.671562121,
0.62,200,8000,3.776984974,
0.63,200,8000,3.88730087,
0.64,200,8000,4.002064987,
0.65,200,8000,4.119053216,
0.66,200,8000,4.237820733,
0.67,200,8000,4.357922716,
0.68,200,8000,4.480248811,
0.69,200,8000,4.605243838,
0.7,200,8000,4.733352621,
0.71,200,8000,4.864130336,
0.72,200,8000,4.998466629,
0.73,200,8000,5.135916677,
0.74,200,8000,5.276925302,
0.75,200,8000,5.421937327,
0.76,200,8000,5.570063107,
0.77,200,8000,5.722192286,
0.78,200,8000,5.87743522,
0.79,200,8000,6.035347088,
0.8,200,8000,6.195927888,
0.81,200,8000,6.359177621,
0.82,200,8000,6.524651465,
0.83,200,8000,6.692794242,
0.84,200,8000,6.86316113,
0.85,200,8000,7.036196951,
0.86,200,8000,7.212346527,
0.87,200,8000,7.391609858,
0.88,200,8000,7.575766233,
0.89,200,8000,7.767039762,
0.9,200,8000,7.975661356,
0.91,200,8000,8.229209988,
0.92,200,8000,8.619763846,
0.93,200,8000,9.368844366,
0.94,200,8000,10.75179647,
0.95,200,8000,14.05282173,
0.96,200,8000,15.26184836,
0.97,200,8000,16.35744535,
0.98,200,8000,17.43880802,
0.99,200,8000,18.46545757,
1,200,8000,19.43694917,
1.01,200,8000,20.37063089,
1.02,200,8000,21.28029221,
1.03,200,8000,22.17393993,
1.04,200,8000,23.05468781,
1.05,200,8000,23.92520478,
1.06,200,8000,24.7846012,
1.07,200,8000,25.63198741,
1.08,NaN,8000,NaN,
1.09,NaN,8000,NaN,
1.1,NaN,8000,NaN,
1.11,NaN,8000,NaN,
1.12,NaN,8000,NaN,
1.13,NaN,8000,NaN,
1.14,NaN,8000,NaN,
1.15,NaN,8000,NaN,
1.16,NaN,8000,NaN,
1.17,NaN,8000,NaN,
1.18,NaN,8000,NaN,
1.19,NaN,8000,NaN,
1.2,NaN,8000,NaN,
1.21,NaN,8000,NaN,
1.22,NaN,8000,NaN,
1.23,NaN,8000,NaN,
1.24,NaN,8000,NaN,
1.25,NaN,8000,NaN,
0,NaN,8000,NaN,
0.01,NaN,8000,NaN,
0.02,NaN,8000,NaN,
0.03,NaN,8000,NaN,
0.04,NaN,8000,NaN,
0.05,NaN,8000,NaN,
0.06,NaN,8000,NaN,
0.07,NaN,8000,NaN,
0.08,NaN,8000,NaN,
0.09,NaN,8000,NaN,
0.1,NaN,8000,NaN,
0.11,NaN,8000,NaN,
0.12,NaN,8000,NaN,
0.13,NaN,8000,NaN,
0.14,NaN,8000,NaN,
0.15,NaN,8000,NaN,
0.16,NaN,8000,NaN,
0.17,NaN,8000,NaN,
0.18,NaN,8000,NaN,
0.19,NaN,8000,NaN,
0.2,NaN,8000,NaN,
0.21,NaN,8000,NaN,
0.22,NaN,8000,NaN,
0.23,NaN,8000,NaN,
0.24,NaN,8000,NaN,
0.25,NaN,8000,NaN,
0.26,NaN,8000,NaN,
0.27,NaN,8000,NaN,
0.28,NaN,8000,NaN,
0.29,NaN,8000,NaN,
0.3,NaN,8000,NaN,
0.31,NaN,8000,NaN,
0.32,NaN,8000,NaN,
0.33,300,8000,NaN,
0.34,300,8000,NaN,
0.35,300,8000,NaN,
0.36,300,8000,NaN,
0.37,300,8000,NaN,
0.38,300,8000,6.754179701,
0.39,300,8000,6.323147026,
0.4,300,8000,5.915689926,
0.41,300,8000,5.543818599,
0.42,300,8000,5.212870911,
0.43,300,8000,4.923291684,
0.44,300,8000,4.674191273,
0.45,300,8000,4.460676636,
0.46,300,8000,4.276520261,
0.47,300,8000,4.116829105,
0.48,300,8000,3.977154946,
0.49,300,8000,3.854828852,
0.5,300,8000,3.748516355,
0.51,300,8000,3.65688299,
0.52,300,8000,3.578149467,
0.53,300,8000,3.512315787,
0.54,300,8000,3.458937128,
0.55,300,8000,3.417568667,
0.56,300,8000,3.38732076,
0.57,300,8000,3.368193407,
0.58,300,8000,3.359296964,
0.59,300,8000,3.359296964,
0.6,300,8000,3.368193407,
0.61,300,8000,3.385096649,
0.62,300,8000,3.409561868,
0.63,300,8000,3.440699419,
0.64,300,8000,3.478064481,
0.65,300,8000,3.520767408,
0.66,300,8000,3.568808202,
0.67,300,8000,3.622186861,
0.68,300,8000,3.681793031,
0.69,300,8000,3.748516355,
0.7,300,8000,3.822356834,
0.71,300,8000,3.903314467,
0.72,300,8000,3.992723722,
0.73,300,8000,4.089250131,
0.74,300,8000,4.192893695,
0.75,300,8000,4.303654413,
0.76,300,8000,4.420642641,
0.77,300,8000,4.542523914,
0.78,300,8000,4.668408585,
0.79,300,8000,4.797851834,
0.8,300,8000,4.930408838,
0.81,300,8000,5.064745131,
0.82,300,8000,5.201305535,
0.83,300,8000,5.339200405,
0.84,300,8000,5.477540097,
0.85,300,8000,5.615879789,
0.86,300,8000,5.754219482,
0.87,300,8000,5.899231506,
0.88,300,8000,6.066484639,
0.89,300,8000,6.283113032,
0.9,300,8000,6.579809413,
0.91,300,8000,6.964580583,
0.92,300,8000,7.42497152,
0.93,300,8000,7.962316691,
0.94,300,8000,8.608643292,
0.95,300,8000,9.547662875,
0.96,300,8000,11.23932156,
0.97,300,8000,12.40475562,
0.98,300,8000,13.28372421,
0.99,300,8000,14.03636331,
1,300,8000,14.70848959,
1.01,300,8000,15.31834078,
1.02,300,8000,15.87659259,
1.03,300,8000,16.39125183,
1.04,300,8000,16.86854601,
1.05,300,8000,17.31247853,
1.06,300,8000,17.73016654,
1.07,300,8000,18.12783755,
1.08,300,8000,18.50905014,
1.09,300,8000,18.87647325,
1.1,300,8000,19.23099651,
1.11,300,8000,19.57350957,
1.12,300,8000,19.9031228,
1.13,300,8000,20.21672242,
1.14,300,8000,20.50496718,
1.15,300,8000,20.74339186,
1.16,NaN,8000,NaN,
1.17,NaN,8000,NaN,
1.18,NaN,8000,NaN,
1.19,NaN,8000,NaN,
1.2,NaN,8000,NaN,
1.21,NaN,8000,NaN,
1.22,NaN,8000,NaN,
1.23,NaN,8000,NaN,
1.24,NaN,8000,NaN,
1.25,NaN,8000,NaN,
0,NaN,8000,NaN,
0.01,NaN,8000,NaN,
0.02,NaN,8000,NaN,
0.03,NaN,8000,NaN,
0.04,NaN,8000,NaN,
0.05,NaN,8000,NaN,
0.06,NaN,8000,NaN,
0.07,NaN,8000,NaN,
0.08,NaN,8000,NaN,
0.09,NaN,8000,NaN,
0.1,NaN,8000,NaN,
0.11,NaN,8000,NaN,
0.12,NaN,8000,NaN,
0.13,NaN,8000,NaN,
0.14,NaN,8000,NaN,
0.15,NaN,8000,NaN,
0.16,NaN,8000,NaN,
0.17,NaN,8000,NaN,
0.18,NaN,8000,NaN,
0.19,NaN,8000,NaN,
0.2,NaN,8000,NaN,
0.21,NaN,8000,NaN,
0.22,NaN,8000,NaN,
0.23,NaN,8000,NaN,
0.24,NaN,8000,NaN,
0.25,NaN,8000,NaN,
0.26,NaN,8000,NaN,
0.27,NaN,8000,NaN,
0.28,NaN,8000,NaN,
0.29,NaN,8000,NaN,
0.3,NaN,8000,NaN,
0.31,NaN,8000,NaN,
0.32,NaN,8000,NaN,
0.33,NaN,8000,NaN,
0.34,NaN,8000,NaN,
0.35,NaN,8000,NaN,
0.36,NaN,8000,NaN,
0.37,NaN,8000,NaN,
0.38,NaN,8000,NaN,
0.39,NaN,8000,NaN,
0.4,NaN,8000,NaN,
0.41,NaN,8000,NaN,
0.42,NaN,8000,NaN,
0.43,NaN,8000,NaN,
0.44,400,8000,NaN,
0.45,400,8000,NaN,
0.46,400,8000,NaN,
0.47,400,8000,5.349208903,
0.48,400,8000,5.050199446,
0.49,400,8000,4.784907509,
0.5,400,8000,4.547817297,
0.51,400,8000,4.33029926,
0.52,400,8000,4.126748639,
0.53,400,8000,3.934941323,
0.54,400,8000,3.754210079,
0.55,400,8000,3.585177657,
0.56,400,8000,3.429934723,
0.57,400,8000,3.291861924,
0.58,400,8000,3.172249245,
0.59,400,8000,3.069895666,
0.6,400,8000,2.98186536,
0.61,400,8000,2.905044572,
0.62,400,8000,2.836986782,
0.63,400,8000,2.777247165,
0.64,400,8000,2.725692277,
0.65,400,8000,2.682366598,
0.66,400,8000,2.64727013,
0.67,400,8000,2.620625282,
0.68,400,8000,2.602565503,
0.69,400,8000,2.593313202,
0.7,400,8000,2.593224237,
0.71,400,8000,2.602387574,
0.72,400,8000,2.620447354,
0.73,400,8000,2.646958754,
0.74,400,8000,2.681654883,
0.75,400,8000,2.724268846,
0.76,400,8000,2.774711679,
0.77,400,8000,2.832849936,
0.78,400,8000,2.898728098,
0.79,400,8000,2.972390648,
0.8,400,8000,3.054015514,
0.81,400,8000,3.143825109,
0.82,400,8000,3.241952878,
0.83,400,8000,3.348354339,
0.84,400,8000,3.463029492,
0.85,400,8000,3.586245231,
0.86,400,8000,3.718401895,
0.87,400,8000,3.860255682,
0.88,400,8000,4.013185541,
0.89,400,8000,4.179282136,
0.9,400,8000,4.362682314,
0.91,400,8000,4.571170461,
0.92,400,8000,4.816979187,
0.93,400,8000,5.119680668,
0.94,400,8000,5.500359474,
0.95,400,8000,5.943624758,
0.96,400,8000,6.507125472,
0.97,400,8000,7.841236099,
0.98,400,8000,9.10657722,
0.99,400,8000,9.837686924,
1,400,8000,10.38050341,
1.01,400,8000,10.84956838,
1.02,400,8000,11.2667226,
1.03,400,8000,11.63054265,
1.04,400,8000,11.95766486,
1.05,400,8000,12.28616603,
1.06,400,8000,12.61431134,
1.07,400,8000,12.88636457,
1.08,400,8000,13.11349077,
1.09,400,8000,13.31219283,
1.1,400,8000,13.49270166,
1.11,400,8000,13.66240132,
1.12,400,8000,13.82520623,
1.13,400,8000,13.98325154,
1.14,400,8000,14.13778276,
1.15,400,8000,14.28982297,
1.16,400,8000,14.43999494,
1.17,400,8000,14.58883243,
1.18,400,8000,14.73678028,
1.19,400,8000,14.88419435,
1.2,NaN,8000,NaN,
1.21,NaN,8000,NaN,
1.22,NaN,8000,NaN,
1.23,NaN,8000,NaN,
1.24,NaN,8000,NaN,
1.25,NaN,8000,NaN,
0,NaN,8000,NaN,
0.01,NaN,8000,NaN,
0.02,NaN,8000,NaN,
0.03,NaN,8000,NaN,
0.04,NaN,8000,NaN,
0.05,NaN,8000,NaN,
0.06,NaN,8000,NaN,
0.07,NaN,8000,NaN,
0.08,NaN,8000,NaN,
0.09,NaN,8000,NaN,
0.1,NaN,8000,NaN,
0.11,NaN,8000,NaN,
0.12,NaN,8000,NaN,
0.13,NaN,8000,NaN,
0.14,NaN,8000,NaN,
0.15,NaN,8000,NaN,
0.16,NaN,8000,NaN,
0.17,NaN,8000,NaN,
0.18,NaN,8000,NaN,
0.19,NaN,8000,NaN,
0.2,NaN,8000,NaN,
0.21,NaN,8000,NaN,
0.22,NaN,8000,NaN,
0.23,NaN,8000,NaN,
0.24,NaN,8000,NaN,
0.25,NaN,8000,NaN,
0.26,NaN,8000,NaN,
0.27,NaN,8000,NaN,
0.28,NaN,8000,NaN,
0.29,NaN,8000,NaN,
0.3,NaN,8000,NaN,
0.31,NaN,8000,NaN,
0.32,NaN,8000,NaN,
0.33,NaN,8000,NaN,
0.34,NaN,8000,NaN,
0.35,NaN,8000,NaN,
0.36,NaN,8000,NaN,
0.37,NaN,8000,NaN,
0.38,NaN,8000,NaN,
0.39,NaN,8000,NaN,
0.4,NaN,8000,NaN,
0.41,NaN,8000,NaN,
0.42,NaN,8000,NaN,
0.43,NaN,8000,NaN,
0.44,NaN,8000,NaN,
0.45,NaN,8000,NaN,
0.46,NaN,8000,NaN,
0.47,NaN,8000,NaN,
0.48,NaN,8000,NaN,
0.49,NaN,8000,NaN,
0.5,NaN,8000,NaN,
0.51,NaN,8000,NaN,
0.52,NaN,8000,NaN,
0.53,NaN,8000,NaN,
0.54,NaN,8000,NaN,
0.55,NaN,8000,NaN,
0.56,NaN,8000,NaN,
0.57,NaN,8000,NaN,
0.58,NaN,8000,NaN,
0.59,NaN,8000,NaN,
0.6,NaN,8000,NaN,
0.61,NaN,8000,NaN,
0.62,500,8000,NaN,
0.63,500,8000,NaN,
0.64,500,8000,NaN,
0.65,500,8000,NaN,
0.66,500,8000,5.414820172,
0.67,500,8000,5.203307234,
0.68,500,8000,4.995664249,
0.69,500,8000,4.795049455,
0.7,500,8000,4.603731443,
0.71,500,8000,4.423178128,
0.72,500,8000,4.254279153,
0.73,500,8000,4.097167965,
0.74,500,8000,3.951622154,
0.75,500,8000,3.817330344,
0.76,500,8000,3.694337016,
0.77,500,8000,3.582864582,
0.78,500,8000,3.4832689,
0.79,500,8000,3.396039274,
0.8,500,8000,3.321798456,
0.81,500,8000,3.261302642,
0.82,500,8000,3.215530441,
0.83,500,8000,3.18559391,
0.84,500,8000,3.172783032,
0.85,500,8000,3.178654684,
0.86,500,8000,3.204054029,
0.87,500,8000,3.248135906,
0.88,500,8000,3.310188597,
0.89,500,8000,3.389544871,
0.9,500,8000,3.485804387,
0.91,500,8000,3.598789216,
0.92,500,8000,3.72854384,
0.93,500,8000,3.875424118,
0.94,500,8000,4.040275211,
0.95,500,8000,4.224698479,
0.96,500,8000,4.432163535,
0.97,500,8000,4.66889789,
0.98,500,8000,4.942908341,
0.99,500,8000,5.263046851,
1,500,8000,5.636208162,
1.01,500,8000,6.061502631,
1.02,500,8000,6.531590691,
1.03,500,8000,7.037798311,
1.04,500,8000,7.568782525,
1.05,500,8000,NaN,
1.06,500,8000,NaN,
1.07,500,8000,NaN,
1.08,500,8000,NaN,
1.09,500,8000,NaN,
1.1,500,8000,NaN,
1.11,500,8000,NaN,
1.12,NaN,8000,NaN,
1.13,NaN,8000,NaN,
1.14,NaN,8000,NaN,
1.15,NaN,8000,NaN,
1.16,NaN,8000,NaN,
1.17,NaN,8000,NaN,
1.18,NaN,8000,NaN,
1.19,NaN,8000,NaN,
1.2,NaN,8000,NaN,
1.21,NaN,8000,NaN,
1.22,NaN,8000,NaN,
1.23,NaN,8000,NaN,
1.24,NaN,8000,NaN,
1.25,NaN,8000,NaN,
0,NaN,10000,NaN,
0.01,NaN,10000,NaN,
0.02,NaN,10000,NaN,
0.03,NaN,10000,NaN,
0.04,NaN,10000,NaN,
0.05,NaN,10000,NaN,
0.06,NaN,10000,NaN,
0.07,NaN,10000,NaN,
0.08,NaN,10000,NaN,
0.09,NaN,10000,NaN,
0.1,NaN,10000,NaN,
0.11,NaN,10000,NaN,
0.12,NaN,10000,NaN,
0.13,NaN,10000,NaN,
0.14,NaN,10000,NaN,
0.15,NaN,10000,NaN,
0.16,NaN,10000,NaN,
0.17,NaN,10000,NaN,
0.18,0,10000,NaN,
0.19,0,10000,NaN,
0.2,0,10000,NaN,
0.21,0,10000,NaN,
0.22,0,10000,NaN,
0.23,0,10000,NaN,
0.24,0,10000,7.316434913,
0.25,0,10000,6.541109885,
0.26,0,10000,5.952165343,
0.27,0,10000,5.486881362,
0.28,0,10000,5.106113592,
0.29,0,10000,4.789845035,
0.3,0,10000,4.525175849,
0.31,0,10000,4.304988879,
0.32,0,10000,4.122611793,
0.33,0,10000,3.974041191,
0.34,0,10000,3.853494385,
0.35,0,10000,3.758302443,
0.36,0,10000,3.684906786,
0.37,0,10000,3.631972949,
0.38,0,10000,3.598166465,
0.39,0,10000,3.582152867,
0.4,0,10000,3.583042511,
0.41,0,10000,3.60128022,
0.42,0,10000,3.635976348,
0.43,0,10000,3.687130897,
0.44,0,10000,3.752964577,
0.45,0,10000,3.831698099,
0.46,0,10000,3.922886642,
0.47,0,10000,4.024306095,
0.48,0,10000,4.135956458,
0.49,0,10000,4.256058441,
0.5,0,10000,4.384167224,
0.51,0,10000,4.519837983,
0.52,0,10000,4.661736253,
0.53,0,10000,4.808972388,
0.54,0,10000,4.96154639,
0.55,0,10000,5.120792723,
0.56,0,10000,5.28671139,
0.57,0,10000,5.460192033,
0.58,0,10000,5.641234652,
0.59,0,10000,5.829839249,
0.6,0,10000,6.024671356,
0.61,0,10000,6.225286151,
0.62,0,10000,6.430793989,
0.63,0,10000,6.641639694,
0.64,0,10000,6.857378442,
0.65,0,10000,7.078455056,
0.66,0,10000,7.304869537,
0.67,0,10000,7.536177061,
0.68,0,10000,7.772822451,
0.69,0,10000,8.013916062,
0.7,0,10000,8.259013073,
0.71,0,10000,8.506779017,
0.72,0,10000,8.755434605,
0.73,0,10000,9.004979838,
0.74,0,10000,9.254080248,
0.75,0,10000,9.50140137,
0.76,0,10000,9.746053559,
0.77,0,10000,9.987147171,
0.78,0,10000,10.22334774,
0.79,0,10000,10.45643455,
0.8,0,10000,10.68729725,
0.81,0,10000,10.91815995,
0.82,0,10000,11.15080195,
0.83,0,10000,11.38833698,
0.84,0,10000,11.6356581,
0.85,0,10000,11.90032729,
0.86,0,10000,12.19702367,
0.87,0,10000,12.55021247,
0.88,0,10000,13.00437589,
0.89,0,10000,13.61778565,
0.9,0,10000,14.41446214,
0.91,0,10000,15.40775003,
0.92,0,10000,16.65147279,
0.93,0,10000,18.11938593,
0.94,0,10000,19.74876951,
0.95,0,10000,21.5289478,
0.96,0,10000,22.51556335,
0.97,0,10000,23.37495977,
0.98,0,10000,24.70319874,
0.99,0,10000,27.7493409,
1,0,10000,NaN,
1.01,0,10000,NaN,
1.02,0,10000,NaN,
1.03,0,10000,NaN,
1.04,NaN,10000,NaN,
1.05,NaN,10000,NaN,
1.06,NaN,10000,NaN,
1.07,NaN,10000,NaN,
1.08,NaN,10000,NaN,
1.09,NaN,10000,NaN,
1.1,NaN,10000,NaN,
1.11,NaN,10000,NaN,
1.12,NaN,10000,NaN,
1.13,NaN,10000,NaN,
1.14,NaN,10000,NaN,
1.15,NaN,10000,NaN,
1.16,NaN,10000,NaN,
1.17,NaN,10000,NaN,
1.18,NaN,10000,NaN,
1.19,NaN,10000,NaN,
1.2,NaN,10000,NaN,
1.21,NaN,10000,NaN,
1.22,NaN,10000,NaN,
1.23,NaN,10000,NaN,
1.24,NaN,10000,NaN,
1.25,NaN,10000,NaN,
0,NaN,10000,NaN,
0.01,NaN,10000,NaN,
0.02,NaN,10000,NaN,
0.03,NaN,10000,NaN,
0.04,NaN,10000,NaN,
0.05,NaN,10000,NaN,
0.06,NaN,10000,NaN,
0.07,NaN,10000,NaN,
0.08,NaN,10000,NaN,
0.09,NaN,10000,NaN,
0.1,NaN,10000,NaN,
0.11,NaN,10000,NaN,
0.12,NaN,10000,NaN,
0.13,NaN,10000,NaN,
0.14,NaN,10000,NaN,
0.15,NaN,10000,NaN,
0.16,NaN,10000,NaN,
0.17,NaN,10000,NaN,
0.18,NaN,10000,NaN,
0.19,NaN,10000,NaN,
0.2,100,10000,NaN,
0.21,100,10000,NaN,
0.22,100,10000,NaN,
0.23,100,10000,NaN,
0.24,100,10000,NaN,
0.25,100,10000,NaN,
0.26,100,10000,NaN,
0.27,100,10000,NaN,
0.28,100,10000,NaN,
0.29,100,10000,7.817304667,
0.3,100,10000,7.110482252,
0.31,100,10000,6.523316999,
0.32,100,10000,6.034457443,
0.33,100,10000,5.616769434,
0.34,100,10000,5.257797949,
0.35,100,10000,4.949981013,
0.36,100,10000,4.690204871,
0.37,100,10000,4.47179719,
0.38,100,10000,4.289864926,
0.39,100,10000,4.139959857,
0.4,100,10000,4.019413052,
0.41,100,10000,3.925555575,
0.42,100,10000,3.856163318,
0.43,100,10000,3.809456991,
0.44,100,10000,3.784102128,
0.45,100,10000,3.77831944,
0.46,100,10000,3.792108927,
0.47,100,10000,3.822801656,
0.48,100,10000,3.868173517,
0.49,100,10000,3.925110753,
0.5,100,10000,3.989609967,
0.51,100,10000,4.059447046,
0.52,100,10000,4.133287525,
0.53,100,10000,4.212021047,
0.54,100,10000,4.29475797,
0.55,100,10000,4.381498291,
0.56,100,10000,4.472686834,
0.57,100,10000,4.568768421,
0.58,100,10000,4.669743052,
0.59,100,10000,4.776945193,
0.6,100,10000,4.891264488,
0.61,100,10000,5.01314576,
0.62,100,10000,5.142144187,
0.63,100,10000,5.277814947,
0.64,100,10000,5.419268394,
0.65,100,10000,5.565614885,
0.66,100,10000,5.715519953,
0.67,100,10000,5.867649133,
0.68,100,10000,6.021112778,
0.69,100,10000,6.173241958,
0.7,100,10000,6.322257382,
0.71,100,10000,6.470383162,
0.72,100,10000,6.633632895,
0.73,100,10000,6.815565159,
0.74,100,10000,7.010842088,
0.75,100,10000,7.214570638,
0.76,100,10000,7.424526698,
0.77,100,10000,7.638486158,
0.78,100,10000,7.855559373,
0.79,100,10000,8.076191165,
0.8,100,10000,8.29949189,
0.81,100,10000,8.52590637,
0.82,100,10000,8.755434605,
0.83,100,10000,8.98896624,
0.84,100,10000,9.227835741,
0.85,100,10000,9.472932752,
0.86,100,10000,9.72781585,
0.87,100,10000,9.99737808,
0.88,100,10000,10.28784695,
0.89,100,10000,10.61167749,
0.9,100,10000,10.98621775,
0.91,100,10000,11.40701951,
0.92,100,10000,11.86296223,
0.93,100,10000,12.37406289,
0.94,100,10000,13.33799251,
0.95,100,10000,16.0353941,
0.96,100,10000,18.20434696,
0.97,100,10000,20.62907256,
0.98,100,10000,23.41944198,
0.99,100,10000,27.34722167,
1,100,10000,NaN,
1.01,100,10000,NaN,
1.02,100,10000,NaN,
1.03,NaN,10000,NaN,
1.04,NaN,10000,NaN,
1.05,NaN,10000,NaN,
1.06,NaN,10000,NaN,
1.07,NaN,10000,NaN,
1.08,NaN,10000,NaN,
1.09,NaN,10000,NaN,
1.1,NaN,10000,NaN,
1.11,NaN,10000,NaN,
1.12,NaN,10000,NaN,
1.13,NaN,10000,NaN,
1.14,NaN,10000,NaN,
1.15,NaN,10000,NaN,
1.16,NaN,10000,NaN,
1.17,NaN,10000,NaN,
1.18,NaN,10000,NaN,
1.19,NaN,10000,NaN,
1.2,NaN,10000,NaN,
1.21,NaN,10000,NaN,
1.22,NaN,10000,NaN,
1.23,NaN,10000,NaN,
1.24,NaN,10000,NaN,
1.25,NaN,10000,NaN,
0,NaN,10000,NaN,
0.01,NaN,10000,NaN,
0.02,NaN,10000,NaN,
0.03,NaN,10000,NaN,
0.04,NaN,10000,NaN,
0.05,NaN,10000,NaN,
0.06,NaN,10000,NaN,
0.07,NaN,10000,NaN,
0.08,NaN,10000,NaN,
0.09,NaN,10000,NaN,
0.1,NaN,10000,NaN,
0.11,NaN,10000,NaN,
0.12,NaN,10000,NaN,
0.13,NaN,10000,NaN,
0.14,NaN,10000,NaN,
0.15,NaN,10000,NaN,
0.16,NaN,10000,NaN,
0.17,NaN,10000,NaN,
0.18,NaN,10000,NaN,
0.19,NaN,10000,NaN,
0.2,NaN,10000,NaN,
0.21,NaN,10000,NaN,
0.22,NaN,10000,NaN,
0.23,NaN,10000,NaN,
0.24,NaN,10000,NaN,
0.25,NaN,10000,NaN,
0.26,NaN,10000,NaN,
0.27,200,10000,NaN,
0.28,200,10000,NaN,
0.29,200,10000,NaN,
0.3,200,10000,NaN,
0.31,200,10000,NaN,
0.32,200,10000,NaN,
0.33,200,10000,NaN,
0.34,200,10000,NaN,
0.35,200,10000,7.302645426,
0.36,200,10000,6.706138907,
0.37,200,10000,6.256868524,
0.38,200,10000,5.87743522,
0.39,200,10000,5.547377176,
0.4,200,10000,5.258687594,
0.41,200,10000,5.006473428,
0.42,200,10000,4.789400213,
0.43,200,10000,4.605243838,
0.44,200,10000,4.453114659,
0.45,200,10000,4.328564454,
0.46,200,10000,4.226700179,
0.47,200,10000,4.144408079,
0.48,200,10000,4.079019221,
0.49,200,10000,4.028309495,
0.5,200,10000,3.990944433,
0.51,200,10000,3.964699926,
0.52,200,10000,3.948241506,
0.53,200,10000,3.941124351,
0.54,200,10000,3.941569173,
0.55,200,10000,3.950465617,
0.56,200,10000,3.967368859,
0.57,200,10000,3.992723722,
0.58,200,10000,4.026530206,
0.59,200,10000,4.068343489,
0.6,200,10000,4.118163571,
0.61,200,10000,4.175990452,
0.62,200,10000,4.240934488,
0.63,200,10000,4.312106034,
0.64,200,10000,4.388615446,
0.65,200,10000,4.470017901,
0.66,200,10000,4.554534112,
0.67,200,10000,4.642164078,
0.68,200,10000,4.73112851,
0.69,200,10000,4.81964812,
0.7,200,10000,4.906388442,
0.71,200,10000,4.989570186,
0.72,200,10000,5.079424262,
0.73,200,10000,5.187516048,
0.74,200,10000,5.312511075,
0.75,200,10000,5.449961123,
0.76,200,10000,5.595862792,
0.77,200,10000,5.746657505,
0.78,200,10000,5.901010795,
0.79,200,10000,6.05847784,
0.8,200,10000,6.217724174,
0.81,200,10000,6.379194618,
0.82,200,10000,6.542444352,
0.83,200,10000,6.707473374,
0.84,200,10000,6.874726506,
0.85,200,10000,7.043314106,
0.86,200,10000,7.214570638,
0.87,200,10000,7.388940925,
0.88,200,10000,7.567314612,
0.89,200,10000,7.753250275,
0.9,200,10000,7.954309892,
0.91,200,10000,8.195403504,
0.92,200,10000,8.574836808,
0.93,200,10000,9.365285789,
0.94,200,10000,10.7584688,
0.95,200,10000,14.05949406,
0.96,200,10000,15.24494512,
0.97,200,10000,16.3325353,
0.98,200,10000,17.41345316,
0.99,200,10000,18.44232682,
1,200,10000,19.41559771,
1.01,200,10000,20.34927942,
1.02,200,10000,21.25894074,
1.03,200,10000,22.15214364,
1.04,200,10000,23.03378117,
1.05,200,10000,23.90696707,
1.06,200,10000,24.77170135,
1.07,200,10000,25.62798401,
1.08,NaN,10000,NaN,
1.09,NaN,10000,NaN,
1.1,NaN,10000,NaN,
1.11,NaN,10000,NaN,
1.12,NaN,10000,NaN,
1.13,NaN,10000,NaN,
1.14,NaN,10000,NaN,
1.15,NaN,10000,NaN,
1.16,NaN,10000,NaN,
1.17,NaN,10000,NaN,
1.18,NaN,10000,NaN,
1.19,NaN,10000,NaN,
1.2,NaN,10000,NaN,
1.21,NaN,10000,NaN,
1.22,NaN,10000,NaN,
1.23,NaN,10000,NaN,
1.24,NaN,10000,NaN,
1.25,NaN,10000,NaN,
0,NaN,10000,NaN,
0.01,NaN,10000,NaN,
0.02,NaN,10000,NaN,
0.03,NaN,10000,NaN,
0.04,NaN,10000,NaN,
0.05,NaN,10000,NaN,
0.06,NaN,10000,NaN,
0.07,NaN,10000,NaN,
0.08,NaN,10000,NaN,
0.09,NaN,10000,NaN,
0.1,NaN,10000,NaN,
0.11,NaN,10000,NaN,
0.12,NaN,10000,NaN,
0.13,NaN,10000,NaN,
0.14,NaN,10000,NaN,
0.15,NaN,10000,NaN,
0.16,NaN,10000,NaN,
0.17,NaN,10000,NaN,
0.18,NaN,10000,NaN,
0.19,NaN,10000,NaN,
0.2,NaN,10000,NaN,
0.21,NaN,10000,NaN,
0.22,NaN,10000,NaN,
0.23,NaN,10000,NaN,
0.24,NaN,10000,NaN,
0.25,NaN,10000,NaN,
0.26,NaN,10000,NaN,
0.27,NaN,10000,NaN,
0.28,NaN,10000,NaN,
0.29,NaN,10000,NaN,
0.3,NaN,10000,NaN,
0.31,NaN,10000,NaN,
0.32,NaN,10000,NaN,
0.33,300,10000,NaN,
0.34,300,10000,NaN,
0.35,300,10000,NaN,
0.36,300,10000,NaN,
0.37,300,10000,NaN,
0.38,300,10000,NaN,
0.39,300,10000,NaN,
0.4,300,10000,NaN,
0.41,300,10000,NaN,
0.42,300,10000,NaN,
0.43,300,10000,7.973882068,
0.44,300,10000,7.564200857,
0.45,300,10000,7.168753955,
0.46,300,10000,6.799106739,
0.47,300,10000,6.461041896,
0.48,300,10000,6.157673182,
0.49,300,10000,5.889445419,
0.5,300,10000,5.654134495,
0.51,300,10000,5.448181834,
0.52,300,10000,5.26624957,
0.53,300,10000,5.104334304,
0.54,300,10000,4.960211923,
0.55,300,10000,4.831658318,
0.56,300,10000,4.717339023,
0.57,300,10000,4.616364392,
0.58,300,10000,4.528289604,
0.59,300,10000,4.452225015,
0.6,300,10000,4.388170623,
0.61,300,10000,4.336571253,
0.62,300,10000,4.296092436,
0.63,300,10000,4.266734173,
0.64,300,10000,4.24760682,
0.65,300,10000,4.238710377,
0.66,300,10000,4.239155199,
0.67,300,10000,4.248496465,
0.68,300,10000,4.266734173,
0.69,300,10000,4.292978681,
0.7,300,10000,4.326785165,
0.71,300,10000,4.368598448,
0.72,300,10000,4.417528886,
0.73,300,10000,4.474021301,
0.74,300,10000,4.538075692,
0.75,300,10000,4.608802416,
0.76,300,10000,4.686201472,
0.77,300,10000,4.769383216,
0.78,300,10000,4.857013182,
0.79,300,10000,4.948201725,
0.8,300,10000,5.04383849,
0.81,300,10000,5.143033832,
0.82,300,10000,5.246232573,
0.83,300,10000,5.35476918,
0.84,300,10000,5.468643654,
0.85,300,10000,5.588745637,
0.86,300,10000,5.718188886,
0.87,300,10000,5.866314666,
0.88,300,10000,6.046022819,
0.89,300,10000,6.271992478,
0.9,300,10000,6.56068206,
0.91,300,10000,6.924101766,
0.92,300,10000,7.366699817,
0.93,300,10000,7.896483011,
0.94,300,10000,8.549037122,
0.95,300,10000,9.502735837,
0.96,300,10000,11.19795309,
0.97,300,10000,12.42076922,
0.98,300,10000,13.31308247,
0.99,300,10000,14.05993888,
1,300,10000,14.72049979,
1.01,300,10000,15.31923042,
1.02,300,10000,15.86858579,
1.03,300,10000,16.37701752,
1.04,300,10000,16.84941866,
1.05,300,10000,17.29068224,
1.06,300,10000,17.70570132,
1.07,300,10000,18.10114822,
1.08,300,10000,18.4801367,
1.09,300,10000,18.84578052,
1.1,300,10000,19.19852449,
1.11,300,10000,19.53970309,
1.12,300,10000,19.86887149,
1.13,300,10000,20.18380558,
1.14,300,10000,20.47605374,
1.15,300,10000,20.72515415,
1.16,NaN,10000,NaN,
1.17,NaN,10000,NaN,
1.18,NaN,10000,NaN,
1.19,NaN,10000,NaN,
1.2,NaN,10000,NaN,
1.21,NaN,10000,NaN,
1.22,NaN,10000,NaN,
1.23,NaN,10000,NaN,
1.24,NaN,10000,NaN,
1.25,NaN,10000,NaN,
0,NaN,10000,NaN,
0.01,NaN,10000,NaN,
0.02,NaN,10000,NaN,
0.03,NaN,10000,NaN,
0.04,NaN,10000,NaN,
0.05,NaN,10000,NaN,
0.06,NaN,10000,NaN,
0.07,NaN,10000,NaN,
0.08,NaN,10000,NaN,
0.09,NaN,10000,NaN,
0.1,NaN,10000,NaN,
0.11,NaN,10000,NaN,
0.12,NaN,10000,NaN,
0.13,NaN,10000,NaN,
0.14,NaN,10000,NaN,
0.15,NaN,10000,NaN,
0.16,NaN,10000,NaN,
0.17,NaN,10000,NaN,
0.18,NaN,10000,NaN,
0.19,NaN,10000,NaN,
0.2,NaN,10000,NaN,
0.21,NaN,10000,NaN,
0.22,NaN,10000,NaN,
0.23,NaN,10000,NaN,
0.24,NaN,10000,NaN,
0.25,NaN,10000,NaN,
0.26,NaN,10000,NaN,
0.27,NaN,10000,NaN,
0.28,NaN,10000,NaN,
0.29,NaN,10000,NaN,
0.3,NaN,10000,NaN,
0.31,NaN,10000,NaN,
0.32,NaN,10000,NaN,
0.33,NaN,10000,NaN,
0.34,NaN,10000,NaN,
0.35,NaN,10000,NaN,
0.36,NaN,10000,NaN,
0.37,NaN,10000,NaN,
0.38,NaN,10000,NaN,
0.39,NaN,10000,NaN,
0.4,NaN,10000,NaN,
0.41,NaN,10000,NaN,
0.42,NaN,10000,NaN,
0.43,NaN,10000,NaN,
0.44,400,10000,NaN,
0.45,400,10000,NaN,
0.46,400,10000,NaN,
0.47,400,10000,NaN,
0.48,400,10000,NaN,
0.49,400,10000,NaN,
0.5,400,10000,NaN,
0.51,400,10000,NaN,
0.52,400,10000,NaN,
0.53,400,10000,6.571802614,
0.54,400,10000,6.262028461,
0.55,400,10000,5.978810191,
0.56,400,10000,5.715208578,
0.57,400,10000,5.46655299,
0.58,400,10000,5.231419995,
0.59,400,10000,5.010165452,
0.6,400,10000,4.804301756,
0.61,400,10000,4.615964052,
0.62,400,10000,4.44630888,
0.63,400,10000,4.294891416,
0.64,400,10000,4.160243748,
0.65,400,10000,4.040230729,
0.66,400,10000,3.932405837,
0.67,400,10000,3.835968392,
0.68,400,10000,3.751585628,
0.69,400,10000,3.679746849,
0.7,400,10000,3.620807913,
0.71,400,10000,3.575035712,
0.72,400,10000,3.542519212,
0.73,400,10000,3.523391859,
0.74,400,10000,3.517653653,
0.75,400,10000,3.524503915,
0.76,400,10000,3.542652659,
0.77,400,10000,3.571299206,
0.78,400,10000,3.609731841,
0.79,400,10000,3.65768367,
0.8,400,10000,3.7148878,
0.81,400,10000,3.781477677,
0.82,400,10000,3.857675714,
0.83,400,10000,3.944015695,
0.84,400,10000,4.041387266,
0.85,400,10000,4.150991447,
0.86,400,10000,4.274474079,
0.87,400,10000,4.413970309,
0.88,400,10000,4.572415963,
0.89,400,10000,4.753947887,
0.9,400,10000,4.964704627,
0.91,400,10000,5.214605717,
0.92,400,10000,5.515750321,
0.93,400,10000,5.883351355,
0.94,400,10000,6.349569462,
0.95,400,10000,7.050119885,
0.96,400,10000,8.586001844,
0.97,400,10000,9.592634396,
0.98,400,10000,10.22824078,
0.99,400,10000,10.68453936,
1,400,10000,11.04916008,
1.01,400,10000,11.36898722,
1.02,400,10000,11.66270329,
1.03,400,10000,11.93929371,
1.04,400,10000,12.20454116,
1.05,400,10000,12.46436179,
1.06,400,10000,12.71728767,
1.07,400,10000,12.93796394,
1.08,400,10000,13.12505614,
1.09,400,10000,13.29609027,
1.1,400,10000,13.46040757,
1.11,400,10000,13.62134423,
1.12,400,10000,13.78032367,
1.13,400,10000,13.93796864,
1.14,400,10000,14.09467949,
1.15,400,10000,14.25067862,
1.16,400,10000,14.40618845,
1.17,400,10000,14.5613869,
1.18,400,10000,14.71631846,
1.19,400,10000,14.87111658,
1.2,NaN,10000,NaN,
1.21,NaN,10000,NaN,
1.22,NaN,10000,NaN,
1.23,NaN,10000,NaN,
1.24,NaN,10000,NaN,
1.25,NaN,10000,NaN,
0,NaN,10000,NaN,
0.01,NaN,10000,NaN,
0.02,NaN,10000,NaN,
0.03,NaN,10000,NaN,
0.04,NaN,10000,NaN,
0.05,NaN,10000,NaN,
0.06,NaN,10000,NaN,
0.07,NaN,10000,NaN,
0.08,NaN,10000,NaN,
0.09,NaN,10000,NaN,
0.1,NaN,10000,NaN,
0.11,NaN,10000,NaN,
0.12,NaN,10000,NaN,
0.13,NaN,10000,NaN,
0.14,NaN,10000,NaN,
0.15,NaN,10000,NaN,
0.16,NaN,10000,NaN,
0.17,NaN,10000,NaN,
0.18,NaN,10000,NaN,
0.19,NaN,10000,NaN,
0.2,NaN,10000,NaN,
0.21,NaN,10000,NaN,
0.22,NaN,10000,NaN,
0.23,NaN,10000,NaN,
0.24,NaN,10000,NaN,
0.25,NaN,10000,NaN,
0.26,NaN,10000,NaN,
0.27,NaN,10000,NaN,
0.28,NaN,10000,NaN,
0.29,NaN,10000,NaN,
0.3,NaN,10000,NaN,
0.31,NaN,10000,NaN,
0.32,NaN,10000,NaN,
0.33,NaN,10000,NaN,
0.34,NaN,10000,NaN,
0.35,NaN,10000,NaN,
0.36,NaN,10000,NaN,
0.37,NaN,10000,NaN,
0.38,NaN,10000,NaN,
0.39,NaN,10000,NaN,
0.4,NaN,10000,NaN,
0.41,NaN,10000,NaN,
0.42,NaN,10000,NaN,
0.43,NaN,10000,NaN,
0.44,NaN,10000,NaN,
0.45,NaN,10000,NaN,
0.46,NaN,10000,NaN,
0.47,NaN,10000,NaN,
0.48,NaN,10000,NaN,
0.49,NaN,10000,NaN,
0.5,NaN,10000,NaN,
0.51,NaN,10000,NaN,
0.52,NaN,10000,NaN,
0.53,NaN,10000,NaN,
0.54,NaN,10000,NaN,
0.55,NaN,10000,NaN,
0.56,NaN,10000,NaN,
0.57,NaN,10000,NaN,
0.58,NaN,10000,NaN,
0.59,NaN,10000,NaN,
0.6,NaN,10000,NaN,
0.61,NaN,10000,NaN,
0.62,500,10000,NaN,
0.63,500,10000,NaN,
0.64,500,10000,NaN,
0.65,500,10000,NaN,
0.66,500,10000,NaN,
0.67,500,10000,NaN,
0.68,500,10000,NaN,
0.69,500,10000,NaN,
0.7,500,10000,NaN,
0.71,500,10000,NaN,
0.72,500,10000,NaN,
0.73,500,10000,NaN,
0.74,500,10000,NaN,
0.75,500,10000,6.359177621,
0.76,500,10000,6.107719653,
0.77,500,10000,5.867916026,
0.78,500,10000,5.644348408,
0.79,500,10000,5.440175035,
0.8,500,10000,5.257041752,
0.81,500,10000,5.093792018,
0.82,500,10000,4.948691029,
0.83,500,10000,4.82124948,
0.84,500,10000,4.711823228,
0.85,500,10000,4.621924669,
0.86,500,10000,4.554222736,
0.87,500,10000,4.510363271,
0.88,500,10000,4.490702132,
0.89,500,10000,4.4952838,
0.9,500,10000,4.523796901,
0.91,500,10000,4.575752129,
0.92,500,10000,4.657421478,
0.93,500,10000,4.776945193,
0.94,500,10000,4.936413938,
0.95,500,10000,5.131690866,
0.96,500,10000,5.360329457,
0.97,500,10000,5.625354501,
0.98,500,10000,5.934283492,
0.99,500,10000,6.301973491,
1,500,10000,6.745194293,
1.01,500,10000,7.260342838,
1.02,500,10000,7.827491094,
1.03,500,10000,NaN,
1.04,500,10000,NaN,
1.05,500,10000,NaN,
1.06,500,10000,NaN,
1.07,500,10000,NaN,
1.08,500,10000,NaN,
1.09,500,10000,NaN,
1.1,500,10000,NaN,
1.11,500,10000,NaN,
1.12,NaN,10000,NaN,
1.13,NaN,10000,NaN,
1.14,NaN,10000,NaN,
1.15,NaN,10000,NaN,
1.16,NaN,10000,NaN,
1.17,NaN,10000,NaN,
1.18,NaN,10000,NaN,
1.19,NaN,10000,NaN,
1.2,NaN,10000,NaN,
1.21,NaN,10000,NaN,
1.22,NaN,10000,NaN,
1.23,NaN,10000,NaN,
1.24,NaN,10000,NaN,
1.25,NaN,10000,NaN,
0,NaN,12000,NaN,
0.01,NaN,12000,NaN,
0.02,NaN,12000,NaN,
0.03,NaN,12000,NaN,
0.04,NaN,12000,NaN,
0.05,NaN,12000,NaN,
0.06,NaN,12000,NaN,
0.07,NaN,12000,NaN,
0.08,NaN,12000,NaN,
0.09,NaN,12000,NaN,
0.1,NaN,12000,NaN,
0.11,NaN,12000,NaN,
0.12,NaN,12000,NaN,
0.13,NaN,12000,NaN,
0.14,NaN,12000,NaN,
0.15,NaN,12000,NaN,
0.16,NaN,12000,NaN,
0.17,NaN,12000,NaN,
0.18,0,12000,NaN,
0.19,0,12000,NaN,
0.2,0,12000,NaN,
0.21,0,12000,NaN,
0.22,0,12000,NaN,
0.23,0,12000,NaN,
0.24,0,12000,NaN,
0.25,0,12000,NaN,
0.26,0,12000,9.366175433,
0.27,0,12000,8.057063812,
0.28,0,12000,7.199446684,
0.29,0,12000,6.609612498,
0.3,0,12000,6.16968338,
0.31,0,12000,5.817384228,
0.32,0,12000,5.525136068,
0.33,0,12000,5.279594235,
0.34,0,12000,5.073641574,
0.35,0,12000,4.902385042,
0.36,0,12000,4.763155706,
0.37,0,12000,4.655508743,
0.38,0,12000,4.577220042,
0.39,0,12000,4.523396561,
0.4,0,12000,4.491814187,
0.41,0,12000,4.478914344,
0.42,0,12000,4.4820281,
0.43,0,12000,4.499820986,
0.44,0,12000,4.529624071,
0.45,0,12000,4.568323599,
0.46,0,12000,4.613250637,
0.47,0,12000,4.667518941,
0.48,0,12000,4.735576732,
0.49,0,12000,4.821427409,
0.5,0,12000,4.922846862,
0.51,0,12000,5.03360758,
0.52,0,12000,5.153709563,
0.53,0,12000,5.281818346,
0.54,0,12000,5.417489105,
0.55,0,12000,5.559832197,
0.56,0,12000,5.708402799,
0.57,0,12000,5.862311267,
0.58,0,12000,6.021112778,
0.59,0,12000,6.184807334,
0.6,0,12000,6.352505289,
0.61,0,12000,6.524651465,
0.62,0,12000,6.700801041,
0.63,0,12000,6.881398839,
0.64,0,12000,7.066444858,
0.65,0,12000,7.256383921,
0.66,0,12000,7.45166085,
0.67,0,12000,7.653610111,
0.68,0,12000,7.861786883,
0.69,0,12000,8.077970453,
0.7,0,12000,8.301271178,
0.71,0,12000,8.530799414,
0.72,0,12000,8.766110337,
0.73,0,12000,9.00542466,
0.74,0,12000,9.24829756,
0.75,0,12000,9.492504927,
0.76,0,12000,9.736712294,
0.77,0,12000,9.979140372,
0.78,0,12000,10.21756505,
0.79,0,12000,10.45376562,
0.8,0,12000,10.6881869,
0.81,0,12000,10.92216335,
0.82,0,12000,11.1579191,
0.83,0,12000,11.39723342,
0.84,0,12000,11.6436649,
0.85,0,12000,11.9025514,
0.86,0,12000,12.18545829,
0.87,0,12000,12.51507151,
0.88,0,12000,12.93987668,
0.89,0,12000,13.53771766,
0.9,0,12000,14.35040775,
0.91,0,12000,15.36860568,
0.92,0,12000,16.6074354,
0.93,0,12000,18.09625518,
0.94,0,12000,19.71362855,
0.95,0,12000,21.38527024,
0.96,0,12000,22.7775636,
0.97,0,12000,24.11736795,
0.98,0,12000,25.51055096,
0.99,0,12000,27.12614505,
1,0,12000,NaN,
1.01,0,12000,NaN,
1.02,0,12000,NaN,
1.03,0,12000,NaN,
1.04,NaN,12000,NaN,
1.05,NaN,12000,NaN,
1.06,NaN,12000,NaN,
1.07,NaN,12000,NaN,
1.08,NaN,12000,NaN,
1.09,NaN,12000,NaN,
1.1,NaN,12000,NaN,
1.11,NaN,12000,NaN,
1.12,NaN,12000,NaN,
1.13,NaN,12000,NaN,
1.14,NaN,12000,NaN,
1.15,NaN,12000,NaN,
1.16,NaN,12000,NaN,
1.17,NaN,12000,NaN,
1.18,NaN,12000,NaN,
1.19,NaN,12000,NaN,
1.2,NaN,12000,NaN,
1.21,NaN,12000,NaN,
1.22,NaN,12000,NaN,
1.23,NaN,12000,NaN,
1.24,NaN,12000,NaN,
1.25,NaN,12000,NaN,
0,NaN,12000,NaN,
0.01,NaN,12000,NaN,
0.02,NaN,12000,NaN,
0.03,NaN,12000,NaN,
0.04,NaN,12000,NaN,
0.05,NaN,12000,NaN,
0.06,NaN,12000,NaN,
0.07,NaN,12000,NaN,
0.08,NaN,12000,NaN,
0.09,NaN,12000,NaN,
0.1,NaN,12000,NaN,
0.11,NaN,12000,NaN,
0.12,NaN,12000,NaN,
0.13,NaN,12000,NaN,
0.14,NaN,12000,NaN,
0.15,NaN,12000,NaN,
0.16,NaN,12000,NaN,
0.17,NaN,12000,NaN,
0.18,NaN,12000,NaN,
0.19,NaN,12000,NaN,
0.2,100,12000,NaN,
0.21,100,12000,NaN,
0.22,100,12000,NaN,
0.23,100,12000,NaN,
0.24,100,12000,NaN,
0.25,100,12000,NaN,
0.26,100,12000,NaN,
0.27,100,12000,NaN,
0.28,100,12000,NaN,
0.29,100,12000,NaN,
0.3,100,12000,NaN,
0.31,100,12000,9.344379147,
0.32,100,12000,8.797247889,
0.33,100,12000,8.251006274,
0.34,100,12000,7.751470987,
0.35,100,12000,7.325776178,
0.36,100,12000,6.92899481,
0.37,100,12000,6.553564906,
0.38,100,12000,6.201710576,
0.39,100,12000,5.87743522,
0.4,100,12000,5.586076704,
0.41,100,12000,5.334752183,
0.42,100,12000,5.12212719,
0.43,100,12000,4.946422436,
0.44,100,12000,4.803634522,
0.45,100,12000,4.691539338,
0.46,100,12000,4.60568866,
0.47,100,12000,4.544748024,
0.48,100,12000,4.507827785,
0.49,100,12000,4.491814187,
0.5,100,12000,4.49448312,
0.51,100,12000,4.511831184,
0.52,100,12000,4.542523914,
0.53,100,12000,4.583892375,
0.54,100,12000,4.635936567,
0.55,100,12000,4.696432381,
0.56,100,12000,4.765379816,
0.57,100,12000,4.843668517,
0.58,100,12000,4.931298483,
0.59,100,12000,5.029159358,
0.6,100,12000,5.137251143,
0.61,100,12000,5.255129016,
0.62,100,12000,5.382792977,
0.63,100,12000,5.519798202,
0.64,100,12000,5.667034338,
0.65,100,12000,5.825391027,
0.66,100,12000,5.995313093,
0.67,100,12000,6.17368678,
0.68,100,12000,6.3547294,
0.69,100,12000,6.533547908,
0.7,100,12000,6.707473374,
0.71,100,12000,6.875616151,
0.72,100,12000,7.04020035,
0.73,100,12000,7.203450084,
0.74,100,12000,7.366254995,
0.75,100,12000,7.52994955,
0.76,100,12000,7.695423394,
0.77,100,12000,7.863566171,
0.78,100,12000,8.034377881,
0.79,100,12000,8.209637813,
0.8,100,12000,8.390235611,
0.81,100,12000,8.578395385,
0.82,100,12000,8.77500678,
0.83,100,12000,8.983183552,
0.84,100,12000,9.205149811,
0.85,100,12000,9.445353778,
0.86,100,12000,9.707354031,
0.87,100,12000,9.992929859,
0.88,100,12000,10.30252608,
0.89,100,12000,10.63747717,
0.9,100,12000,11.00045205,
0.91,100,12000,11.39411967,
0.92,100,12000,11.83404879,
0.93,100,12000,12.34959767,
0.94,100,12000,13.23034555,
0.95,100,12000,15.92062998,
0.96,100,12000,18.20968483,
0.97,100,12000,20.62506916,
0.98,100,12000,23.51641321,
0.99,100,12000,27.4201725,
1,100,12000,NaN,
1.01,100,12000,NaN,
1.02,100,12000,NaN,
1.03,NaN,12000,NaN,
1.04,NaN,12000,NaN,
1.05,NaN,12000,NaN,
1.06,NaN,12000,NaN,
1.07,NaN,12000,NaN,
1.08,NaN,12000,NaN,
1.09,NaN,12000,NaN,
1.1,NaN,12000,NaN,
1.11,NaN,12000,NaN,
1.12,NaN,12000,NaN,
1.13,NaN,12000,NaN,
1.14,NaN,12000,NaN,
1.15,NaN,12000,NaN,
1.16,NaN,12000,NaN,
1.17,NaN,12000,NaN,
1.18,NaN,12000,NaN,
1.19,NaN,12000,NaN,
1.2,NaN,12000,NaN,
1.21,NaN,12000,NaN,
1.22,NaN,12000,NaN,
1.23,NaN,12000,NaN,
1.24,NaN,12000,NaN,
1.25,NaN,12000,NaN,
0,NaN,12000,NaN,
0.01,NaN,12000,NaN,
0.02,NaN,12000,NaN,
0.03,NaN,12000,NaN,
0.04,NaN,12000,NaN,
0.05,NaN,12000,NaN,
0.06,NaN,12000,NaN,
0.07,NaN,12000,NaN,
0.08,NaN,12000,NaN,
0.09,NaN,12000,NaN,
0.1,NaN,12000,NaN,
0.11,NaN,12000,NaN,
0.12,NaN,12000,NaN,
0.13,NaN,12000,NaN,
0.14,NaN,12000,NaN,
0.15,NaN,12000,NaN,
0.16,NaN,12000,NaN,
0.17,NaN,12000,NaN,
0.18,NaN,12000,NaN,
0.19,NaN,12000,NaN,
0.2,NaN,12000,NaN,
0.21,NaN,12000,NaN,
0.22,NaN,12000,NaN,
0.23,NaN,12000,NaN,
0.24,NaN,12000,NaN,
0.25,NaN,12000,NaN,
0.26,NaN,12000,NaN,
0.27,200,12000,NaN,
0.28,200,12000,NaN,
0.29,200,12000,NaN,
0.3,200,12000,NaN,
0.31,200,12000,NaN,
0.32,200,12000,NaN,
0.33,200,12000,NaN,
0.34,200,12000,NaN,
0.35,200,12000,NaN,
0.36,200,12000,NaN,
0.37,200,12000,NaN,
0.38,200,12000,9.40265085,
0.39,200,12000,8.775896425,
0.4,200,12000,8.209637813,
0.41,200,12000,7.71499557,
0.42,200,12000,7.287521472,
0.43,200,12000,6.917874256,
0.44,200,12000,6.596712655,
0.45,200,12000,6.314695405,
0.46,200,12000,6.06470535,
0.47,200,12000,5.841404625,
0.48,200,12000,5.641234652,
0.49,200,12000,5.462416144,
0.5,200,12000,5.303614632,
0.51,200,12000,5.163495651,
0.52,200,12000,5.041169557,
0.53,200,12000,4.937081171,
0.54,200,12000,4.850340849,
0.55,200,12000,4.780948592,
0.56,200,12000,4.729794044,
0.57,200,12000,4.696877204,
0.58,200,12000,4.68175325,
0.59,200,12000,4.683087717,
0.6,200,12000,4.699101314,
0.61,200,12000,4.728014755,
0.62,200,12000,4.769383216,
0.63,200,12000,4.821872231,
0.64,200,12000,4.883702511,
0.65,200,12000,4.954429235,
0.66,200,12000,5.033162758,
0.67,200,12000,5.118568613,
0.68,200,12000,5.209757156,
0.69,200,12000,5.303614632,
0.7,200,12000,5.39791693,
0.71,200,12000,5.48643654,
0.72,200,12000,5.569173462,
0.73,200,12000,5.650575918,
0.74,200,12000,5.741319639,
0.75,200,12000,5.844073558,
0.76,200,12000,5.956168743,
0.77,200,12000,6.074046616,
0.78,200,12000,6.195927888,
0.79,200,12000,6.320478093,
0.8,200,12000,6.447697231,
0.81,200,12000,6.576695658,
0.82,200,12000,6.708363018,
0.83,200,12000,6.842254489,
0.84,200,12000,6.97837007,
0.85,200,12000,7.117599407,
0.86,200,12000,7.259942498,
0.87,200,12000,7.407178634,
0.88,200,12000,7.561087102,
0.89,200,12000,7.725671301,
0.9,200,12000,7.912496609,
0.91,200,12000,8.149586821,
0.92,200,12000,8.545923367,
0.93,200,12000,9.364840967,
0.94,200,12000,10.75491022,
0.95,200,12000,14.03992188,
0.96,200,12000,15.2204799,
0.97,200,12000,16.30762526,
0.98,200,12000,17.39521545,
0.99,200,12000,18.43209591,
1,200,12000,19.4133736,
1.01,200,12000,20.35461729,
1.02,200,12000,21.27139576,
1.03,200,12000,22.171271,
1.04,200,12000,23.05824639,
1.05,200,12000,23.93499087,
1.06,200,12000,24.80061479,
1.07,200,12000,25.65511817,
1.08,NaN,12000,NaN,
1.09,NaN,12000,NaN,
1.1,NaN,12000,NaN,
1.11,NaN,12000,NaN,
1.12,NaN,12000,NaN,
1.13,NaN,12000,NaN,
1.14,NaN,12000,NaN,
1.15,NaN,12000,NaN,
1.16,NaN,12000,NaN,
1.17,NaN,12000,NaN,
1.18,NaN,12000,NaN,
1.19,NaN,12000,NaN,
1.2,NaN,12000,NaN,
1.21,NaN,12000,NaN,
1.22,NaN,12000,NaN,
1.23,NaN,12000,NaN,
1.24,NaN,12000,NaN,
1.25,NaN,12000,NaN,
0,NaN,12000,NaN,
0.01,NaN,12000,NaN,
0.02,NaN,12000,NaN,
0.03,NaN,12000,NaN,
0.04,NaN,12000,NaN,
0.05,NaN,12000,NaN,
0.06,NaN,12000,NaN,
0.07,NaN,12000,NaN,
0.08,NaN,12000,NaN,
0.09,NaN,12000,NaN,
0.1,NaN,12000,NaN,
0.11,NaN,12000,NaN,
0.12,NaN,12000,NaN,
0.13,NaN,12000,NaN,
0.14,NaN,12000,NaN,
0.15,NaN,12000,NaN,
0.16,NaN,12000,NaN,
0.17,NaN,12000,NaN,
0.18,NaN,12000,NaN,
0.19,NaN,12000,NaN,
0.2,NaN,12000,NaN,
0.21,NaN,12000,NaN,
0.22,NaN,12000,NaN,
0.23,NaN,12000,NaN,
0.24,NaN,12000,NaN,
0.25,NaN,12000,NaN,
0.26,NaN,12000,NaN,
0.27,NaN,12000,NaN,
0.28,NaN,12000,NaN,
0.29,NaN,12000,NaN,
0.3,NaN,12000,NaN,
0.31,NaN,12000,NaN,
0.32,NaN,12000,NaN,
0.33,300,12000,NaN,
0.34,300,12000,NaN,
0.35,300,12000,NaN,
0.36,300,12000,NaN,
0.37,300,12000,NaN,
0.38,300,12000,NaN,
0.39,300,12000,NaN,
0.4,300,12000,NaN,
0.41,300,12000,NaN,
0.42,300,12000,NaN,
0.43,300,12000,NaN,
0.44,300,12000,NaN,
0.45,300,12000,NaN,
0.46,300,12000,NaN,
0.47,300,12000,NaN,
0.48,300,12000,9.307458908,
0.49,300,12000,8.795913422,
0.5,300,12000,8.313281377,
0.51,300,12000,7.876021192,
0.52,300,12000,7.489470734,
0.53,300,12000,7.151405891,
0.54,300,12000,6.857378442,
0.55,300,12000,6.599826411,
0.56,300,12000,6.371632642,
0.57,300,12000,6.16745927,
0.58,300,12000,5.984192539,
0.59,300,12000,5.819608339,
0.6,300,12000,5.671927382,
0.61,300,12000,5.540260022,
0.62,300,12000,5.423716615,
0.63,300,12000,5.322297163,
0.64,300,12000,5.235556841,
0.65,300,12000,5.163495651,
0.66,300,12000,5.104779126,
0.67,300,12000,5.058962443,
0.68,300,12000,5.025155959,
0.69,300,12000,5.002914851,
0.7,300,12000,4.991349474,
0.71,300,12000,4.990015008,
0.72,300,12000,4.998466629,
0.73,300,12000,5.015814693,
0.74,300,12000,5.042059201,
0.75,300,12000,5.076755329,
0.76,300,12000,5.118568613,
0.77,300,12000,5.167943873,
0.78,300,12000,5.223101821,
0.79,300,12000,5.284487279,
0.8,300,12000,5.351655425,
0.81,300,12000,5.423271793,
0.82,300,12000,5.499781205,
0.83,300,12000,5.580294016,
0.84,300,12000,5.665255049,
0.85,300,12000,5.753329837,
0.86,300,12000,5.845852847,
0.87,300,12000,5.950830877,
0.88,300,12000,6.084277525,
0.89,300,12000,6.273326944,
0.9,300,12000,6.546002929,
0.91,300,12000,6.909422635,
0.92,300,12000,7.352020686,
0.93,300,12000,7.874241903,
0.94,300,12000,8.506779017,
0.95,300,12000,9.411992116,
0.96,300,12000,11.16014321,
0.97,300,12000,12.43144495,
0.98,300,12000,13.32820643,
0.99,300,12000,14.07105944,
1,300,12000,14.72583766,
1.01,300,12000,15.3187856,
1.02,300,12000,15.86324792,
1.03,300,12000,16.36767626,
1.04,300,12000,16.83740846,
1.05,300,12000,17.27689275,
1.06,300,12000,17.69102219,
1.07,300,12000,18.08602427,
1.08,300,12000,18.46545757,
1.09,300,12000,18.83110139,
1.1,300,12000,19.18562465,
1.11,300,12000,19.52858254,
1.12,300,12000,19.86041987,
1.13,300,12000,20.17935736,
1.14,300,12000,20.47738821,
1.15,300,12000,20.73716435,
1.16,NaN,12000,NaN,
1.17,NaN,12000,NaN,
1.18,NaN,12000,NaN,
1.19,NaN,12000,NaN,
1.2,NaN,12000,NaN,
1.21,NaN,12000,NaN,
1.22,NaN,12000,NaN,
1.23,NaN,12000,NaN,
1.24,NaN,12000,NaN,
1.25,NaN,12000,NaN,
0,NaN,12000,NaN,
0.01,NaN,12000,NaN,
0.02,NaN,12000,NaN,
0.03,NaN,12000,NaN,
0.04,NaN,12000,NaN,
0.05,NaN,12000,NaN,
0.06,NaN,12000,NaN,
0.07,NaN,12000,NaN,
0.08,NaN,12000,NaN,
0.09,NaN,12000,NaN,
0.1,NaN,12000,NaN,
0.11,NaN,12000,NaN,
0.12,NaN,12000,NaN,
0.13,NaN,12000,NaN,
0.14,NaN,12000,NaN,
0.15,NaN,12000,NaN,
0.16,NaN,12000,NaN,
0.17,NaN,12000,NaN,
0.18,NaN,12000,NaN,
0.19,NaN,12000,NaN,
0.2,NaN,12000,NaN,
0.21,NaN,12000,NaN,
0.22,NaN,12000,NaN,
0.23,NaN,12000,NaN,
0.24,NaN,12000,NaN,
0.25,NaN,12000,NaN,
0.26,NaN,12000,NaN,
0.27,NaN,12000,NaN,
0.28,NaN,12000,NaN,
0.29,NaN,12000,NaN,
0.3,NaN,12000,NaN,
0.31,NaN,12000,NaN,
0.32,NaN,12000,NaN,
0.33,NaN,12000,NaN,
0.34,NaN,12000,NaN,
0.35,NaN,12000,NaN,
0.36,NaN,12000,NaN,
0.37,NaN,12000,NaN,
0.38,NaN,12000,NaN,
0.39,NaN,12000,NaN,
0.4,NaN,12000,NaN,
0.41,NaN,12000,NaN,
0.42,NaN,12000,NaN,
0.43,NaN,12000,NaN,
0.44,400,12000,NaN,
0.45,400,12000,NaN,
0.46,400,12000,NaN,
0.47,400,12000,NaN,
0.48,400,12000,NaN,
0.49,400,12000,NaN,
0.5,400,12000,NaN,
0.51,400,12000,NaN,
0.52,400,12000,NaN,
0.53,400,12000,NaN,
0.54,400,12000,NaN,
0.55,400,12000,NaN,
0.56,400,12000,NaN,
0.57,400,12000,8.105504945,
0.58,400,12000,7.786389526,
0.59,400,12000,7.473901958,
0.6,400,12000,7.173558034,
0.61,400,12000,6.888871851,
0.62,400,12000,6.621622696,
0.63,400,12000,6.371232302,
0.64,400,12000,6.134586912,
0.65,400,12000,5.909462416,
0.66,400,12000,5.694479865,
0.67,400,12000,5.489016509,
0.68,400,12000,5.2929389,
0.69,400,12000,5.107537023,
0.7,400,12000,4.936992206,
0.71,400,12000,4.784507169,
0.72,400,12000,4.651371896,
0.73,400,12000,4.537008119,
0.74,400,12000,4.439547583,
0.75,400,12000,4.357122037,
0.76,400,12000,4.289420104,
0.77,400,12000,4.236797642,
0.78,400,12000,4.200144296,
0.79,400,12000,4.18075005,
0.8,400,12000,4.180438674,
0.81,400,12000,4.201567727,
0.82,400,12000,4.247428892,
0.83,400,12000,4.321447299,
0.84,400,12000,4.425090863,
0.85,400,12000,4.559605085,
0.86,400,12000,4.726635806,
0.87,400,12000,4.928273692,
0.88,400,12000,5.167187675,
0.89,400,12000,5.446980815,
0.9,400,12000,5.772279261,
0.91,400,12000,6.148331917,
0.92,400,12000,6.584257635,
0.93,400,12000,7.099717556,
0.94,400,12000,7.750092038,
0.95,400,12000,8.738575845,
0.96,400,12000,9.764558161,
0.97,400,12000,10.32138654,
0.98,400,12000,10.72252717,
0.99,400,12000,11.05721136,
1,400,12000,11.35608737,
1.01,400,12000,11.63374537,
1.02,400,12000,11.89663526,
1.03,400,12000,12.14795978,
1.04,400,12000,12.38932029,
1.05,400,12000,12.62080574,
1.06,400,12000,12.83369763,
1.07,400,12000,13.01669747,
1.08,400,12000,13.18163752,
1.09,400,12000,13.3397718,
1.1,400,12000,13.49541508,
1.11,400,12000,13.64985733,
1.12,400,12000,13.80358787,
1.13,400,12000,13.95678462,
1.14,400,12000,14.10962552,
1.15,400,12000,14.262244,
1.16,400,12000,14.41464007,
1.17,400,12000,14.56694718,
1.18,400,12000,14.71912084,
1.19,400,12000,14.87125002,
1.2,NaN,12000,NaN,
1.21,NaN,12000,NaN,
1.22,NaN,12000,NaN,
1.23,NaN,12000,NaN,
1.24,NaN,12000,NaN,
1.25,NaN,12000,NaN,
0,NaN,12000,NaN,
0.01,NaN,12000,NaN,
0.02,NaN,12000,NaN,
0.03,NaN,12000,NaN,
0.04,NaN,12000,NaN,
0.05,NaN,12000,NaN,
0.06,NaN,12000,NaN,
0.07,NaN,12000,NaN,
0.08,NaN,12000,NaN,
0.09,NaN,12000,NaN,
0.1,NaN,12000,NaN,
0.11,NaN,12000,NaN,
0.12,NaN,12000,NaN,
0.13,NaN,12000,NaN,
0.14,NaN,12000,NaN,
0.15,NaN,12000,NaN,
0.16,NaN,12000,NaN,
0.17,NaN,12000,NaN,
0.18,NaN,12000,NaN,
0.19,NaN,12000,NaN,
0.2,NaN,12000,NaN,
0.21,NaN,12000,NaN,
0.22,NaN,12000,NaN,
0.23,NaN,12000,NaN,
0.24,NaN,12000,NaN,
0.25,NaN,12000,NaN,
0.26,NaN,12000,NaN,
0.27,NaN,12000,NaN,
0.28,NaN,12000,NaN,
0.29,NaN,12000,NaN,
0.3,NaN,12000,NaN,
0.31,NaN,12000,NaN,
0.32,NaN,12000,NaN,
0.33,NaN,12000,NaN,
0.34,NaN,12000,NaN,
0.35,NaN,12000,NaN,
0.36,NaN,12000,NaN,
0.37,NaN,12000,NaN,
0.38,NaN,12000,NaN,
0.39,NaN,12000,NaN,
0.4,NaN,12000,NaN,
0.41,NaN,12000,NaN,
0.42,NaN,12000,NaN,
0.43,NaN,12000,NaN,
0.44,NaN,12000,NaN,
0.45,NaN,12000,NaN,
0.46,NaN,12000,NaN,
0.47,NaN,12000,NaN,
0.48,NaN,12000,NaN,
0.49,NaN,12000,NaN,
0.5,NaN,12000,NaN,
0.51,NaN,12000,NaN,
0.52,NaN,12000,NaN,
0.53,NaN,12000,NaN,
0.54,NaN,12000,NaN,
0.55,NaN,12000,NaN,
0.56,NaN,12000,NaN,
0.57,NaN,12000,NaN,
0.58,NaN,12000,NaN,
0.59,NaN,12000,NaN,
0.6,NaN,12000,NaN,
0.61,NaN,12000,NaN,
0.62,500,12000,NaN,
0.63,500,12000,NaN,
0.64,500,12000,NaN,
0.65,500,12000,NaN,
0.66,500,12000,NaN,
0.67,500,12000,NaN,
0.68,500,12000,NaN,
0.69,500,12000,NaN,
0.7,500,12000,NaN,
0.71,500,12000,NaN,
0.72,500,12000,NaN,
0.73,500,12000,NaN,
0.74,500,12000,NaN,
0.75,500,12000,NaN,
0.76,500,12000,NaN,
0.77,500,12000,NaN,
0.78,500,12000,NaN,
0.79,500,12000,NaN,
0.8,500,12000,NaN,
0.81,500,12000,NaN,
0.82,500,12000,NaN,
0.83,500,12000,NaN,
0.84,500,12000,NaN,
0.85,500,12000,NaN,
0.86,500,12000,NaN,
0.87,500,12000,NaN,
0.88,500,12000,NaN,
0.89,500,12000,NaN,
0.9,500,12000,NaN,
0.91,500,12000,NaN,
0.92,500,12000,NaN,
0.93,500,12000,NaN,
0.94,500,12000,NaN,
0.95,500,12000,NaN,
0.96,500,12000,NaN,
0.97,500,12000,NaN,
0.98,500,12000,NaN,
0.99,500,12000,NaN,
1,500,12000,NaN,
1.01,500,12000,NaN,
1.02,500,12000,NaN,
1.03,500,12000,NaN,
1.04,500,12000,NaN,
1.05,500,12000,NaN,
1.06,500,12000,NaN,
1.07,500,12000,NaN,
1.08,500,12000,NaN,
1.09,500,12000,NaN,
1.1,500,12000,NaN,
1.11,500,12000,NaN,
1.12,NaN,12000,NaN,
1.13,NaN,12000,NaN,
1.14,NaN,12000,NaN,
1.15,NaN,12000,NaN,
1.16,NaN,12000,NaN,
1.17,NaN,12000,NaN,
1.18,NaN,12000,NaN,
1.19,NaN,12000,NaN,
1.2,NaN,12000,NaN,
1.21,NaN,12000,NaN,
1.22,NaN,12000,NaN,
1.23,NaN,12000,NaN,
1.24,NaN,12000,NaN,
1.25,NaN,12000,NaN,
